REPLACE INTO `roles` (role_id,role) VALUES (1,'ADMIN'),(2,'PLAYER');

-- password is 123123
INSERT INTO users (id, username, email, password, points) VALUES
(1, 'emily', 'diuke@asd.asd', '$2a$10$6sKPxjUuXrxWR62aqhsmIOgJCvUyIL1csrLEz1yJ4nvfaOo9CxMtS', 2000),
(2, 'nick', 'nik@nixoxoxioxi.xx', '$2a$10$6sKPxjUuXrxWR62aqhsmIOgJCvUyIL1csrLEz1yJ4nvfaOo9CxMtS', 7000),
(3, 'magi', 'asasd@sads.asdasd', '$2a$10$6sKPxjUuXrxWR62aqhsmIOgJCvUyIL1csrLEz1yJ4nvfaOo9CxMtS', 12500),
(4, 'jo', 'asdasd@asdasd.asdasd', '$2a$10$6sKPxjUuXrxWR62aqhsmIOgJCvUyIL1csrLEz1yJ4nvfaOo9CxMtS', 9500),
(5, 'aris', 'aris@asd.asdas', '$2a$10$6sKPxjUuXrxWR62aqhsmIOgJCvUyIL1csrLEz1yJ4nvfaOo9CxMtS', 1350),
(6, 'mexi', 'adasd@asdasdasd.asd', '$2a$10$6sKPxjUuXrxWR62aqhsmIOgJCvUyIL1csrLEz1yJ4nvfaOo9CxMtS', 400),
(7, 'lil', 'duke100@fasmdas.sd', '$2a$10$6sKPxjUuXrxWR62aqhsmIOgJCvUyIL1csrLEz1yJ4nvfaOo9CxMtS', 20000),
(8, 'andre', 'duke232@wew.ew', '$2a$10$6sKPxjUuXrxWR62aqhsmIOgJCvUyIL1csrLEz1yJ4nvfaOo9CxMtS', 17200),
(9, 'helen', 'adas2323d@asdasdasd.asd', '$2a$10$6sKPxjUuXrxWR62aqhsmIOgJCvUyIL1csrLEz1yJ4nvfaOo9CxMtS', 1000),
(10, 'charles', 'ad2323asd@asdasdasd.asd', '$2a$10$6sKPxjUuXrxWR62aqhsmIOgJCvUyIL1csrLEz1yJ4nvfaOo9CxMtS', 200),
(11, 'tomas', 'duk3333e232@wew.ew', '$2a$10$6sKPxjUuXrxWR62aqhsmIOgJCvUyIL1csrLEz1yJ4nvfaOo9CxMtS', 200),
(12, 'emma', 'adas2323d@asdasdasd.asd', '$2a$10$6sKPxjUuXrxWR62aqhsmIOgJCvUyIL1csrLEz1yJ4nvfaOo9CxMtS', 700),
(13, 'argy', 'asdasd@asdas.asdd', '$2a$10$6sKPxjUuXrxWR62aqhsmIOgJCvUyIL1csrLEz1yJ4nvfaOo9CxMtS', 4000),
(14, 'darley', 'dukevm@gasdasd.asd', '$2a$10$6sKPxjUuXrxWR62aqhsmIOgJCvUyIL1csrLEz1yJ4nvfaOo9CxMtS', 450),
(15, 'alex', 'pwewe@asd.sad', '$2a$10$6sKPxjUuXrxWR62aqhsmIOgJCvUyIL1csrLEz1yJ4nvfaOo9CxMtS', 1200),
(16, 'sugar', 'asdasd@asd.asd', '$2a$10$6sKPxjUuXrxWR62aqhsmIOgJCvUyIL1csrLEz1yJ4nvfaOo9CxMtS', 8500),
(17, 'duke222', 'dukevomv@gmail.com222', '$2a$10$6sKPxjUuXrxWR62aqhsmIOgJCvUyIL1csrLEz1yJ4nvfaOo9CxMtS', 0),
(18, 'duke', 'dukevomv@gmail.com', '$2a$10$6sKPxjUuXrxWR62aqhsmIOgJCvUyIL1csrLEz1yJ4nvfaOo9CxMtS', 450),
(19, 'dukeadmin', 'dikasda@asd.asdas', '$2a$10$6sKPxjUuXrxWR62aqhsmIOgJCvUyIL1csrLEz1yJ4nvfaOo9CxMtS', 0);

INSERT INTO plantahead.user_role (role_id, user_id) VALUES (2, 1),(2, 2),(1, 3),(2, 4),(2, 5),(2, 6),(2, 7),(2, 8),(2, 9),(2, 10),(2, 11),(2, 12),(2, 13),(2, 14),(2, 15),(2, 16),(2, 17),(2, 18),(1, 19);

INSERT INTO words (main, secondary, is_synonym) VALUES
('gnaw', 'nibble', 1),('propagation', 'spread', 1),('rapport', 'empathy', 1),('keen', 'sharp', 1),('keen', 'weak', 0),
('abandon','desert',1),
('abbreviate','shorten',1),
('ability','aptitude',1),
('able','qualified',1),
('above','overhead',1),
('abundant','ample',1),
('accurate','correct',1),
('achieve','accomplish',1),
('adjourn','recess',1),
('advocate','support',1),
('after','following',1),
('afraid','scared',1),
('aggressive','militant',1),
('aid','assist',1),
('always','forever',1),
('amateur','novice',1),
('ambitious','driven',1),
('antagonize','embitter',1),
('apparent','obvious',1),
('approve','ratify',1),
('arrive','come',1),
('arrogant','stuck-up',1),
('awful','atrocious',1),
('awkward','clumsy',1),
('ban','prohibit',1),
('barren','unproductive',1),
('bashful','shy',1),
('beautiful','pretty',1),
('before','prior',1),
('beginning','start',1),
('blend','mix',1),
('bottom','base',1),
('brave','heroic',1),
('break','burst',1),
('brief','short',1),
('broad','wide',1),
('busy','active',1),
('buy','purchase',1),
('calm','quiet',1),
('capture','arrest',1),
('care','concern',1),
('careful','watchful',1),
('cease','stop',1),
('certain','positive',1),
('charming','enchanting',1),
('chilly','cool',1),
('chubby','plump',1),
('comical','amusing',1),
('complex','complicated',1),
('competent','capable',1),
('comprehend','grasp',1),
('complete','conclude',1),
('complex','intricate',1),
('compress','crush',1),
('concrete','real',1),
('concur','agree',1),
('condemn','',1),
('condense','compress',1),
('confess','admit',1),
('confine','contain',1),
('conflict','oppose',1),
('conflict','fight',1),
('conform','comply',1),
('confuse','muddle',1),
('congested','overcrowded',1),
('connect','join',1),
('conscientious','scrupulous',1),
('conscious','aware',1),
('consecutive','successive',1),
('conservative','cautious',1),
('considerate','thoughtful',1),
('constantly','always',1),
('contaminate','pollute',1),
('contented','satisfied',1),
('continue','persevere',1),
('convalesce','heal',1),
('convenient','handy',1),
('cozy','comfortable',1),
('cranky','irritable',1),
('crazy','daft',1),
('cruel','mean',1),
('cry','sob',1),
('dally','linger',1),
('damage','hurt',1),
('dangerous','perilous',1),
('daring','bold',1),
('dark','dismal',1),
('dawn','daybreak',1),
('dead','lifeless',1),
('decay','rot',1),
('deduct','subtract',1),
('defend','protect',1),
('defy','resist',1),
('delicate','fragile',1),
('demolish','destroy',1),
('denounce','blame',1),
('dense','thick',1),
('depart','leave',1),
('detach','separate',1),
('deter','hinder',1),
('determined','sure',1),
('die','expire',1),
('different','distinct',1),
('difficult','hard',1),
('dilute','weaken',1),
('drab','dull',1),
('drastic','severe',1),
('dreadful','terrible',1),
('dry','arid',1),
('dubious','doubtful',1),
('dull','blunt',1),
('dumb','dens',1),
('early','beforetime',1),
('easy','simple',1),
('eccentric','unusual',1),
('ecstasy','elation',1),
('empty','unload',1),
('encourage','urge',1),
('enemy','opponent',1),
('enjoy','like',1),
('enlarge','expand',1),
('evident','apparent',1),
('evil','bad',1),
('exceptional','outstanding',1),
('excite','arouse',1),
('exhilarated','elated',1),
('explicit','exact',1),
('exquisite','delightful',1),
('exterior','outside',1),
('extravagant','luxurious',1),
('fabulous','marvelous',1),
('face','confront',1),
('fair','honest',1),
('fake','artificial',1),
('false','incorrect',1),
('fancy','ornate',1),
('fantastic','outrageous',1),
('fast','rapid',1),
('fat','chubby',1),
('fatal','deadly',1),
('fatigue','tire',1),
('feasible','possible',1),
('feeble','weak',1),
('ferocious','fierce',1),
('fertile','fruitful',1),
('fiction','fantasy',1),
('fill','load',1),
('fix','mend',1),
('follow','succeed',1),
('forbid','prohibit',1),
('forgive','pardon',1),
('former','previous',1),
('fraction','part',1),
('frank','candid',1),
('frenzy','fury',1),
('fresh','unused',1),
('friend','comrade',1),
('frigid','freezing',1),
('frivolous','trivial',1),
('front','fore',1),
('full','packed',1),
('furious','enraged',1),
('future','coming',1),
('gain','acquire',1),
('gallant','chivalrous',1),
('gather','accumulate',1),
('gaudy','showy',1),
('gaunt','scrawny',1),
('generous','giving',1),
('gentle','mild',1),
('genuine','authentic',1),
('gigantic','immense',1),
('give','donate',1),
('glad','happy',1),
('gloomy','dark',1),
('glorious','splendid',1),
('good','nice',1),
('gratitude','thankfulness',1),
('great','outstanding',1),
('handy','useful',1),
('hard','firm',1),
('hate','loathe',1),
('help','aid',1),
('high','lofty',1),
('hold','grip',1),
('honest','sincere',1),
('hospitable','welcoming',1),
('hostile','antagonistic',1),
('huge','vast',1),
('humble','modest',1),
('humiliate','embarras',1),
('identical','alike',1),
('idle','inactive',1),
('ignorant','uninformed',1),
('immaculate','pure',1),
('immature','inexperienced',1),
('immune','resistant',1),
('impartial','neutral',1),
('impatient','eager',1),
('imperative','mandatory',1),
('imperfect','marred',1),
('impetuous','impulsive',1),
('important','significant',1),
('independent','self-reliant',1),
('inferior','lesser',1),
('infuriate','enrage',1),
('intermittent','sporadic',1),
('internal','inner',1),
('jolly','merry',1),
('jubilant','overjoyed',1),
('keep','save',1),
('kind','considerate',1),
('lament','mourn',1),
('large','big',1),
('last','final',1),
('least','fewest',1),
('legible','readable',1),
('lenient','lax',1),
('listless','lethargic',1),
('logical','sensible',1),
('long','lengthy',1),
('loose','slack',1),
('lure','attract',1),
('luxurious','extravagant',1),
('magnify','expand',1),
('mandatory','required',1),
('maneuver','manipulate',1),
('maximum','greatest',1),
('meager','scanty',1),
('mean','unkind',1),
('mediocre','fair',1),
('mend','repair',1),
('migrant','drifting',1),
('militant','combative',1),
('minor','lesser',1),
('mirth','merriment',1),
('mischievous','naughty',1),
('misfortune','hardship',1),
('mobile','moveable',1),
('moderate','temperate',1),
('momentous','important',1),
('monotonous','boring',1),
('moral','righteous',1),
('morbid','ghastly',1),
('morose','moody',1),
('mourn','lament',1),
('mysterious','occult',1),
('naughty','wrong',1),
('neat','clean',1),
('negligent','derelict',1),
('nervous','flustered',1),
('neutral','impartial',1),
('new','unused',1),
('nice','pleasing',1),
('nonchalant','indifferent',1),
('normal','ordinary',1),
('numerous','abundant',1),
('obey','mind',1),
('oblivious','dazed',1),
('obnoxious','abominable',1),
('observe','examine',1),
('obsolete','dated',1),
('obstinate','stubborn',1),
('odd','peculiar',1),
('offend','displease',1),
('ominous','menacing',1),
('opaque','obscure',1),
('open','begin',1),
('opponent','rival',1),
('optimistic','confident',1),
('optional','elective',1),
('ordinary','average',1),
('outrageous','shocking',1),
('outstanding','distinguished',1),
('painstaking','precise',1),
('passive','compliant',1),
('past','former',1),
('patience','tolerance',1),
('peculiar','weird',1),
('perfect','flawless',1),
('permanent','enduring',1),
('perpetual','eternal',1),
('persuade','convince',1),
('plausible','believable',1),
('plentiful','ample',1),
('pliable','supple',1),
('polite','gracious',1),
('poor','destitute',1),
('portion','part',1),
('possible','conceivable',1),
('precarious','dangerous',1),
('precious','cherished',1),
('prejudiced','opinionated',1),
('premature','early',1),
('premeditated','intended',1),
('preserve','uphold',1),
('pretty','lovely',1),
('prevalent','widespread',1),
('prevent','prohibit',1),
('probable','liable',1),
('proficient','adept',1),
('profit','gain',1),
('prohibit','forbid',1),
('prominent','eminent',1),
('prompt','punctual',1),
('prosperous','successful',1),
('proud','elated',1),
('push','shove',1),
('qualified','competent',1),
('question','interrogate',1),
('quiet','silent',1),
('quit','cease',1),
('racket','noise',1),
('radiant','luminous',1),
('raise','hoist',1),
('ratify','approve',1),
('rational','logical',1),
('ravage','devastate',1),
('raze','destroy',1),
('recreation','amusement',1),
('reduce','decrease',1),
('refute','contradict',1),
('regular','routine',1),
('regulate','oversee',1),
('relevant','pertinent',1),
('reluctant','unwilling',1),
('remote','secluded',1),
('repulsive','hideous',1),
('resist','oppose',1),
('retaliate','avenge',1),
('reveal','disclose',1),
('risky','hazardous',1),
('rowdy','boisterous',1),
('rude','impolite',1),
('sad','unhappy',1),
('same','alike',1),
('savage','uncivilized',1),
('save','preserve',1),
('scarce','scanty',1),
('scrawny','skinny',1),
('seize','apprehend',1),
('separate','divide',1),
('serene','peaceful',1),
('serious','grave',1),
('shrewd','cunning',1),
('shy','timid',1),
('sick','ailing',1),
('slim','thin',1),
('sluggish','listless',1),
('small','little',1),
('smooth','slick',1),
('sociable','friendly',1),
('sorrow','woe',1),
('special','exceptional',1),
('spontaneous','instinctive',1),
('stable','steady',1),
('stationary','fixed',1),
('stimulate','motivate',1),
('stop','quit',1),
('strenuous','vigorous',1),
('strict','stringent',1),
('strong','powerful',1),
('stupid','unintelligent',1),
('subsequent','following',1),
('successful','thriving',1),
('sufficient','ample',1),
('superb','magnificent',1),
('suppress','restrain',1),
('surplus','excess',1),
('swift','fast',1),
('synthetic','artificial',1),
('tall','high',1),
('tangible','concrete',1),
('taut','tense',1),
('tender','delicate',1),
('terrible','dreadful',1),
('thaw','melt',1),
('thrifty','economical',1),
('thrive','prosper',1),
('total','whole',1),
('trivial','insignificant',1),
('turbulent','tumultuous',1),
('turmoil','commotion',1),
('unbiased','impartial',1),
('upset','perturb',1),
('urgent','crucial',1),
('vacant','unoccupied',1),
('vague','unclear',1),
('valiant','courageous',1),
('vibrate','quiver',1),
('vicious','malicious',1),
('victory','triumph',1),
('virtuous','righteous',1),
('vulgar','offensive',1),
('wealth','riches',1),
('weary','tired',1),
('wholehearted','earnest',1),
('wild','uncivilized',1),
('win','triumph',1),
('wise','knowing',1),
('wonderful','marvelous',1),
('worn','used',1),
('wrong','mistaken',1),
('yield','produce',1),
('zenith','peak',1);